Val0,Val1,Val2,Val3,Val4,Val5,Val6,Val7,Val8,Val9,Val10,Val11,Val12,Val13,Val14,Val15,Score,Time,Agent,AgentHeur,Move,Trial,RandTilePos
0,0,0,0,2,0,0,0,0,0,0,0,0,2,0,0,0,1.2552080154418945,N/A,N/A,UP,0,4
2,2,0,2,0,0,0,0,0,0,0,0,0,0,0,0,0,0.8438868522644043,N/A,N/A,LEFT,0,3
4,2,0,0,0,0,0,0,0,0,0,0,0,0,2,0,4,1.058969259262085,N/A,N/A,UP,0,14
4,2,2,0,0,0,0,0,2,0,0,0,0,0,0,0,4,0.968109130859375,N/A,N/A,UP,0,8
4,2,2,0,2,2,0,0,0,0,0,0,0,0,0,0,4,0.9825069904327393,N/A,N/A,UP,0,5
4,4,2,0,2,0,0,0,0,0,0,4,0,0,0,0,8,0.8166091442108154,N/A,N/A,UP,0,11
4,4,2,4,2,0,0,2,0,0,0,0,0,0,0,0,8,0.5886199474334717,N/A,N/A,LEFT,0,7
8,2,4,0,4,0,0,0,0,0,0,0,4,0,0,0,20,0.6418192386627197,N/A,N/A,UP,0,12
8,2,4,4,8,0,0,0,0,0,0,0,0,0,0,0,28,0.8792541027069092,N/A,N/A,UP,0,3
16,2,4,4,0,0,0,0,0,0,0,0,2,0,0,0,44,0.8082778453826904,N/A,N/A,UP,0,12
16,2,4,4,2,0,0,2,0,0,0,0,0,0,0,0,44,0.5557470321655273,N/A,N/A,LEFT,0,7
16,2,8,0,4,0,0,0,0,2,0,0,0,0,0,0,56,0.7825968265533447,N/A,N/A,LEFT,0,9
16,2,8,0,4,0,2,0,2,0,0,0,0,0,0,0,56,0.463223934173584,N/A,N/A,LEFT,0,6
16,2,8,0,4,2,0,0,2,2,0,0,0,0,0,0,56,0.5481059551239014,N/A,N/A,LEFT,0,9
16,2,8,0,4,2,0,0,4,0,0,0,0,2,0,0,60,0.567608118057251,N/A,N/A,LEFT,0,13
16,2,8,2,4,2,0,0,4,0,0,0,2,0,0,0,60,0.40259790420532227,N/A,N/A,RIGHT,0,3
16,2,8,2,0,2,4,2,0,0,0,4,0,0,0,2,60,0.3864619731903076,N/A,N/A,UP,0,5
16,4,8,4,0,2,4,4,0,0,0,2,0,0,0,0,68,0.5189557075500488,N/A,N/A,RIGHT,0,5
16,4,8,4,0,0,2,8,2,0,0,2,0,0,0,0,76,0.4608340263366699,N/A,N/A,RIGHT,0,8
16,4,8,4,0,0,2,8,0,0,0,4,0,0,0,2,80,0.1849839687347412,N/A,N/A,LEFT,0,15
16,4,8,4,2,8,2,0,4,0,0,0,2,0,0,0,80,0.16068315505981445,N/A,N/A,RIGHT,0,6
16,4,8,4,0,2,8,2,0,0,2,4,0,0,0,2,80,0.22113990783691406,N/A,N/A,UP,0,10
16,4,16,4,0,2,2,2,0,0,0,4,0,0,2,2,96,0.361706018447876,N/A,N/A,RIGHT,0,14
16,4,16,4,0,0,2,4,0,0,2,4,0,0,0,4,104,0.4474759101867676,N/A,N/A,UP,0,10
16,4,16,8,0,0,4,8,0,0,0,0,0,0,0,4,124,0.4431331157684326,N/A,N/A,LEFT,0,15
16,4,16,8,4,8,0,0,0,0,0,0,4,0,0,2,124,0.4302501678466797,N/A,N/A,RIGHT,0,15
16,4,16,8,2,0,4,8,0,0,0,0,0,0,4,2,124,0.3633122444152832,N/A,N/A,RIGHT,0,4
16,4,16,8,0,2,4,8,0,0,0,0,2,0,4,2,124,0.3249790668487549,N/A,N/A,RIGHT,0,12
16,4,16,8,0,2,4,8,0,0,0,0,2,2,4,2,124,0.3537468910217285,N/A,N/A,RIGHT,0,12
16,4,16,8,0,2,4,8,0,0,0,2,0,4,4,2,128,0.3065330982208252,N/A,N/A,RIGHT,0,11
16,4,16,8,0,2,4,8,0,2,0,2,0,0,8,2,136,0.33258914947509766,N/A,N/A,RIGHT,0,9
16,4,16,8,0,2,4,8,0,0,0,4,2,0,8,2,140,0.20310616493225098,N/A,N/A,RIGHT,0,12
16,4,16,8,2,2,4,8,0,0,0,4,0,2,8,2,140,0.23046398162841797,N/A,N/A,RIGHT,0,4
16,4,16,8,0,4,4,8,0,0,2,4,0,2,8,2,144,0.21403002738952637,N/A,N/A,RIGHT,0,10
16,4,16,8,2,0,8,8,0,0,2,4,0,2,8,2,152,0.16083383560180664,N/A,N/A,RIGHT,0,4
16,4,16,8,0,0,2,16,2,0,2,4,0,2,8,2,168,0.15831875801086426,N/A,N/A,RIGHT,0,8
16,4,16,8,0,4,2,16,0,0,4,4,0,2,8,2,172,0.16351103782653809,N/A,N/A,RIGHT,0,5
16,4,16,8,0,4,2,16,0,2,0,8,0,2,8,2,180,0.15825819969177246,N/A,N/A,RIGHT,0,9
16,4,16,8,0,4,2,16,0,0,2,8,2,2,8,2,180,0.1349039077758789,N/A,N/A,RIGHT,0,12
16,4,16,8,0,4,2,16,2,0,2,8,0,4,8,2,184,0.1508948802947998,N/A,N/A,RIGHT,0,8
16,4,16,8,0,4,2,16,0,0,4,8,2,4,8,2,188,0.07818603515625,N/A,N/A,UP,0,12
16,8,16,8,2,4,2,16,0,0,4,8,2,0,8,2,196,0.09321808815002441,N/A,N/A,RIGHT,0,12
16,8,16,8,2,4,2,16,2,0,4,8,0,2,8,2,196,0.04922914505004883,N/A,N/A,RIGHT,0,8
16,8,16,8,2,4,2,16,2,2,4,8,0,2,8,2,196,0.055516958236694336,N/A,N/A,RIGHT,0,8
16,8,16,8,2,4,2,16,2,4,4,8,0,2,8,2,200,0.05315089225769043,N/A,N/A,RIGHT,0,8
16,8,16,8,2,4,2,16,0,2,8,8,2,2,8,2,208,0.09788823127746582,N/A,N/A,RIGHT,0,12
16,8,16,8,2,4,2,16,2,0,2,16,0,4,8,2,228,0.1492142677307129,N/A,N/A,RIGHT,0,8
16,8,16,8,2,4,2,16,0,2,4,16,0,4,8,2,232,0.037982940673828125,N/A,N/A,LEFT,0,9
16,8,16,8,2,4,2,16,2,4,16,0,4,8,2,2,232,0.06087327003479004,N/A,N/A,RIGHT,0,15
16,8,16,8,2,4,2,16,2,2,4,16,0,4,8,4,236,0.061805009841918945,N/A,N/A,RIGHT,0,8
16,8,16,8,2,4,2,16,0,4,4,16,2,4,8,4,240,0.07131290435791016,N/A,N/A,RIGHT,0,12
16,8,16,8,2,4,2,16,2,0,8,16,2,4,8,4,248,0.0872800350189209,N/A,N/A,LEFT,0,8
16,8,16,8,2,4,2,16,2,8,16,2,2,4,8,4,248,0.0049800872802734375,N/A,N/A,UP,0,11
16,8,16,8,4,4,2,16,2,8,16,2,2,4,8,4,252,0.01616811752319336,N/A,N/A,RIGHT,0,12
16,8,16,8,2,8,2,16,2,8,16,2,2,4,8,4,260,0.014713764190673828,N/A,N/A,UP,0,4
16,16,16,8,4,8,2,16,2,4,16,2,2,0,8,4,280,0.033521175384521484,N/A,N/A,UP,0,12
16,16,16,8,4,8,2,16,4,4,16,2,2,0,8,4,284,0.05186820030212402,N/A,N/A,UP,0,12
16,16,16,8,8,8,2,16,2,4,16,2,0,2,8,4,292,0.03237795829772949,N/A,N/A,LEFT,0,13
32,16,8,2,16,2,16,0,2,4,16,2,2,8,4,0,340,0.0831460952758789,N/A,N/A,RIGHT,0,3
32,16,8,2,0,16,2,16,2,4,16,2,4,2,8,4,340,0.015983104705810547,N/A,N/A,UP,0,12
32,32,8,2,2,4,2,16,4,2,16,2,2,0,8,4,372,0.018908023834228516,N/A,N/A,LEFT,0,12
64,8,2,0,2,4,2,16,4,2,16,2,2,8,4,2,436,0.03148007392883301,N/A,N/A,UP,0,15
64,8,4,16,2,4,16,4,4,2,4,0,2,8,0,2,444,0.027467012405395508,N/A,N/A,RIGHT,0,15
64,8,4,16,2,4,16,4,0,4,2,4,2,2,8,2,444,0.08919715881347656,N/A,N/A,RIGHT,0,12
64,8,4,16,2,4,16,4,2,4,2,4,0,4,8,2,448,0.06569027900695801,N/A,N/A,LEFT,0,8
64,8,4,16,2,4,16,4,2,4,2,4,4,8,2,2,448,0.06506586074829102,N/A,N/A,RIGHT,0,15
64,8,4,16,2,4,16,4,2,4,2,4,2,4,8,4,452,0.030979156494140625,N/A,N/A,UP,0,12
64,8,4,16,4,8,16,8,2,4,2,4,0,0,8,4,472,0.07651400566101074,N/A,N/A,LEFT,0,15
64,8,4,16,4,8,16,8,2,4,2,4,8,4,2,0,472,0.05977582931518555,N/A,N/A,RIGHT,0,14
64,8,4,16,4,8,16,8,2,4,2,4,2,8,4,2,472,0.02070474624633789,N/A,N/A,UP,0,12
64,16,4,16,4,4,16,8,4,8,2,4,2,0,4,2,492,0.030581951141357422,N/A,N/A,RIGHT,0,12
64,16,4,16,0,8,16,8,4,8,2,4,2,2,4,2,500,0.04778313636779785,N/A,N/A,RIGHT,0,12
64,16,4,16,0,8,16,8,4,8,2,4,2,4,4,2,504,0.0424039363861084,N/A,N/A,RIGHT,0,12
64,16,4,16,2,8,16,8,4,8,2,4,0,2,8,2,512,0.031262874603271484,N/A,N/A,LEFT,0,4
64,16,4,16,2,8,16,8,4,8,2,4,2,8,2,2,512,0.027928829193115234,N/A,N/A,RIGHT,0,15
64,16,4,16,2,8,16,8,4,8,2,4,2,2,8,4,516,0.03143811225891113,N/A,N/A,RIGHT,0,12
64,16,4,16,2,8,16,8,4,8,2,4,2,4,8,4,520,0.02856302261352539,N/A,N/A,UP,0,12
64,16,4,16,2,16,16,8,4,4,2,8,2,0,8,4,544,0.06612396240234375,N/A,N/A,RIGHT,0,15
64,16,4,16,0,2,32,8,0,8,2,8,4,2,8,4,584,0.04432320594787598,N/A,N/A,UP,0,12
64,16,4,16,4,2,32,16,2,8,2,4,0,2,8,0,600,0.04550981521606445,N/A,N/A,LEFT,0,8
64,16,4,16,4,2,32,16,2,8,2,4,2,8,2,0,600,0.09467124938964844,N/A,N/A,RIGHT,0,14
64,16,4,16,4,2,32,16,2,8,2,4,2,2,8,2,600,0.031332969665527344,N/A,N/A,RIGHT,0,12
64,16,4,16,4,2,32,16,2,8,2,4,2,4,8,2,604,0.0214841365814209,N/A,N/A,UP,0,12
64,16,4,32,4,2,32,4,4,8,2,2,2,4,8,0,640,0.03709006309509277,N/A,N/A,RIGHT,0,12
64,16,4,32,4,2,32,4,0,4,8,4,4,2,4,8,644,0.04110217094421387,N/A,N/A,UP,0,12
64,16,4,32,8,2,32,8,0,4,8,8,0,2,4,2,660,0.05378103256225586,N/A,N/A,RIGHT,0,15
64,16,4,32,8,2,32,8,2,0,4,16,0,2,4,2,676,0.06865286827087402,N/A,N/A,RIGHT,0,8
64,16,4,32,8,2,32,8,2,2,4,16,0,2,4,2,676,0.04319596290588379,N/A,N/A,RIGHT,0,8
64,16,4,32,8,2,32,8,0,4,4,16,2,2,4,2,680,0.054898977279663086,N/A,N/A,RIGHT,0,12
64,16,4,32,8,2,32,8,0,2,8,16,0,4,4,2,692,0.05863189697265625,N/A,N/A,RIGHT,0,9
64,16,4,32,8,2,32,8,0,2,8,16,0,2,8,2,700,0.05361199378967285,N/A,N/A,UP,0,13
64,16,4,32,8,4,32,8,0,2,16,16,0,0,2,2,720,0.07549190521240234,N/A,N/A,RIGHT,0,14
64,16,4,32,8,4,32,8,0,2,2,32,0,0,0,4,756,0.09600305557250977,N/A,N/A,RIGHT,0,9
64,16,4,32,8,4,32,8,0,0,4,32,0,0,2,4,760,0.05031776428222656,N/A,N/A,LEFT,0,14
64,16,4,32,8,4,32,8,4,32,0,0,2,4,2,0,760,0.044235944747924805,N/A,N/A,RIGHT,0,14
64,16,4,32,8,4,32,8,0,0,4,32,2,2,4,2,760,0.07586407661437988,N/A,N/A,RIGHT,0,12
64,16,4,32,8,4,32,8,0,0,4,32,4,4,4,2,764,0.08419513702392578,N/A,N/A,RIGHT,0,12
64,16,4,32,8,4,32,8,0,0,4,32,4,4,8,2,772,0.06047511100769043,N/A,N/A,RIGHT,0,12
64,16,4,32,8,4,32,8,2,0,4,32,0,8,8,2,780,0.04173588752746582,N/A,N/A,RIGHT,0,8
64,16,4,32,8,4,32,8,0,2,4,32,0,2,16,2,796,0.04842495918273926,N/A,N/A,UP,0,13
64,16,4,32,8,4,32,8,2,4,4,32,0,0,16,2,800,0.05500292778015137,N/A,N/A,RIGHT,0,8
64,16,4,32,8,4,32,8,0,2,8,32,0,4,16,2,808,0.011929035186767578,N/A,N/A,LEFT,0,13
64,16,4,32,8,4,32,8,2,8,32,0,4,16,2,2,808,0.039346933364868164,N/A,N/A,RIGHT,0,15
64,16,4,32,8,4,32,8,2,2,8,32,0,4,16,4,812,0.016962051391601562,N/A,N/A,RIGHT,0,8
64,16,4,32,8,4,32,8,2,4,8,32,0,4,16,4,816,0.015012025833129883,N/A,N/A,LEFT,0,8
64,16,4,32,8,4,32,8,2,4,8,32,4,16,4,2,816,0.004791975021362305,N/A,N/A,UP,0,15
64,16,4,32,8,8,32,8,2,16,8,32,4,2,4,2,824,0.003968000411987305,N/A,N/A,RIGHT,0,13
64,16,4,32,2,16,32,8,2,16,8,32,4,2,4,2,840,0.022075176239013672,N/A,N/A,UP,0,4
64,32,4,32,4,16,32,8,4,2,8,32,2,0,4,2,876,0.02627396583557129,N/A,N/A,RIGHT,0,12
64,32,4,32,4,16,32,8,4,2,8,32,4,2,4,2,876,0.018022775650024414,N/A,N/A,UP,0,12
64,32,4,32,8,16,32,8,4,4,8,32,2,0,4,2,888,0.020173072814941406,N/A,N/A,RIGHT,0,12
64,32,4,32,8,16,32,8,0,8,8,32,2,2,4,2,896,0.03451180458068848,N/A,N/A,RIGHT,0,12
64,32,4,32,8,16,32,8,0,0,16,32,2,4,4,2,916,0.042222023010253906,N/A,N/A,RIGHT,0,12
64,32,4,32,8,16,32,8,2,0,16,32,0,2,8,2,924,0.04192686080932617,N/A,N/A,RIGHT,0,8
64,32,4,32,8,16,32,8,2,2,16,32,0,2,8,2,924,0.02769613265991211,N/A,N/A,RIGHT,0,8
64,32,4,32,8,16,32,8,0,4,16,32,2,2,8,2,928,0.02349114418029785,N/A,N/A,RIGHT,0,12
64,32,4,32,8,16,32,8,2,4,16,32,0,4,8,2,932,0.015530109405517578,N/A,N/A,UP,0,8
64,32,4,32,8,16,32,8,2,8,16,32,2,0,8,2,940,0.01902294158935547,N/A,N/A,RIGHT,0,12
64,32,4,32,8,16,32,8,2,8,16,32,2,2,8,2,940,0.007838964462280273,N/A,N/A,RIGHT,0,12
64,32,4,32,8,16,32,8,2,8,16,32,2,4,8,2,944,0.006814002990722656,N/A,N/A,UP,0,12
64,32,4,32,8,16,32,8,4,8,16,32,2,4,8,2,948,0.006814002990722656,N/A,N/A,N/A,0,12
0,0,0,0,0,0,2,0,0,0,0,0,0,0,0,0,0,1.2274010181427002,N/A,N/A,UP,1,6
0,2,2,0,0,0,0,0,0,0,0,0,0,0,0,0,0,0.8416712284088135,N/A,N/A,RIGHT,1,1
2,0,0,4,0,0,0,0,0,0,0,0,0,0,0,0,4,0.7801320552825928,N/A,N/A,RIGHT,1,0
0,0,2,4,0,0,0,0,0,2,0,0,0,0,0,0,4,0.9927330017089844,N/A,N/A,UP,1,9
0,2,2,4,0,0,0,0,0,0,0,0,0,0,0,2,4,0.944678783416748,N/A,N/A,UP,1,15
0,2,2,4,0,0,0,2,0,0,0,0,0,2,0,0,4,0.8948590755462646,N/A,N/A,LEFT,1,13
4,4,0,0,2,0,0,0,0,0,0,0,2,0,2,0,8,0.9466938972473145,N/A,N/A,UP,1,14
4,4,2,0,4,0,0,0,0,0,0,0,2,0,0,0,12,0.7835021018981934,N/A,N/A,LEFT,1,12
8,2,0,0,4,0,0,0,0,0,0,0,2,0,2,0,20,0.7619497776031494,N/A,N/A,LEFT,1,14
8,2,0,0,4,0,0,0,0,2,0,0,4,0,0,0,24,0.8243389129638672,N/A,N/A,UP,1,9
8,4,0,0,8,0,0,0,0,4,0,0,0,0,0,0,36,0.8643999099731445,N/A,N/A,LEFT,1,9
8,4,0,0,8,0,0,0,4,0,0,0,0,0,0,2,36,0.7434980869293213,N/A,N/A,LEFT,1,15
8,4,0,0,8,0,0,0,4,0,0,0,2,2,0,0,36,0.6793677806854248,N/A,N/A,LEFT,1,13
8,4,0,0,8,0,0,0,4,0,0,0,4,0,0,2,40,0.6816067695617676,N/A,N/A,LEFT,1,15
8,4,0,2,8,0,0,0,4,0,0,0,4,2,0,0,40,0.5758578777313232,N/A,N/A,UP,1,3
16,4,0,2,8,2,0,2,0,0,0,0,0,0,0,0,64,0.6505880355834961,N/A,N/A,UP,1,7
16,4,0,4,8,2,0,2,0,0,0,0,0,0,0,0,68,0.48502302169799805,N/A,N/A,RIGHT,1,7
0,0,16,8,0,0,8,4,0,0,0,2,0,0,0,0,80,0.3077230453491211,N/A,N/A,LEFT,1,11
16,8,0,2,8,4,0,0,2,0,0,0,0,0,0,0,80,0.3960552215576172,N/A,N/A,LEFT,1,3
16,8,2,0,8,4,0,0,2,0,2,0,0,0,0,0,80,0.5524730682373047,N/A,N/A,UP,1,10
16,8,4,0,8,4,2,0,2,0,0,0,0,0,0,0,84,0.24013614654541016,N/A,N/A,RIGHT,1,6
0,16,8,4,0,8,4,2,2,0,0,2,0,0,0,0,84,0.4702730178833008,N/A,N/A,LEFT,1,8
16,8,4,0,8,4,2,0,4,0,0,0,0,0,2,0,88,0.43678998947143555,N/A,N/A,UP,1,14
16,8,4,0,8,4,4,0,4,0,0,0,0,2,0,0,92,0.47066593170166016,N/A,N/A,UP,1,13
16,8,8,0,8,4,0,2,4,2,0,0,0,0,0,0,100,0.43295884132385254,N/A,N/A,UP,1,7
16,8,8,2,8,4,2,0,4,2,0,0,0,0,0,0,100,0.28841304779052734,N/A,N/A,LEFT,1,6
16,16,2,0,8,4,2,0,4,2,0,0,0,0,2,0,116,0.40017199516296387,N/A,N/A,UP,1,14
16,16,4,0,8,4,2,0,4,2,0,0,0,0,2,0,120,0.39803099632263184,N/A,N/A,UP,1,14
16,16,4,0,8,4,4,0,4,2,0,2,0,0,0,0,124,0.4785919189453125,N/A,N/A,UP,1,11
16,16,8,2,8,4,0,0,4,2,0,0,0,0,0,2,132,0.3835420608520508,N/A,N/A,UP,1,15
16,16,8,4,8,4,4,0,4,2,0,0,0,0,0,0,136,0.31932711601257324,N/A,N/A,LEFT,1,6
32,8,4,4,8,8,0,0,4,2,0,0,0,0,0,0,176,0.5348770618438721,N/A,N/A,UP,1,3
32,16,4,4,8,2,0,0,4,0,0,0,0,2,0,0,192,0.44185590744018555,N/A,N/A,UP,1,13
32,16,4,4,8,4,0,0,4,0,0,2,0,0,0,0,196,0.37513303756713867,N/A,N/A,UP,1,11
32,16,4,4,8,4,0,2,4,0,0,0,0,2,0,0,196,0.29672789573669434,N/A,N/A,UP,1,13
32,16,4,4,8,4,0,2,4,2,0,0,0,0,2,0,196,0.2481999397277832,N/A,N/A,UP,1,14
32,16,4,4,8,4,2,2,4,2,2,0,0,0,0,0,196,0.37683892250061035,N/A,N/A,UP,1,10
32,16,4,4,8,4,4,2,4,2,0,0,0,0,2,0,200,0.2517530918121338,N/A,N/A,UP,1,14
32,16,8,4,8,4,2,2,4,2,0,0,2,0,0,0,208,0.20242619514465332,N/A,N/A,RIGHT,1,12
32,16,8,4,2,8,4,4,0,0,4,2,0,0,0,2,212,0.35097694396972656,N/A,N/A,RIGHT,1,4
32,16,8,4,0,2,8,8,0,0,4,2,2,0,0,2,220,0.2992360591888428,N/A,N/A,RIGHT,1,12
32,16,8,4,0,0,2,16,0,0,4,2,0,0,2,4,240,0.10275912284851074,N/A,N/A,LEFT,1,14
32,16,8,4,2,16,0,0,4,2,0,2,2,4,0,0,240,0.23584675788879395,N/A,N/A,RIGHT,1,11
32,16,8,4,0,0,2,16,2,0,4,4,0,0,2,4,244,0.216156005859375,N/A,N/A,RIGHT,1,8
32,16,8,4,4,0,2,16,0,0,2,8,0,0,2,4,252,0.182142972946167,N/A,N/A,RIGHT,1,4
32,16,8,4,0,4,2,16,0,2,2,8,0,0,2,4,252,0.15826106071472168,N/A,N/A,RIGHT,1,9
32,16,8,4,0,4,2,16,0,2,4,8,0,0,2,4,256,0.059307098388671875,N/A,N/A,LEFT,1,9
32,16,8,4,4,2,16,0,2,4,8,0,2,4,2,0,256,0.10830521583557129,N/A,N/A,RIGHT,1,14
32,16,8,4,0,4,2,16,2,2,4,8,0,2,4,2,256,0.10391497611999512,N/A,N/A,RIGHT,1,8
32,16,8,4,2,4,2,16,0,4,4,8,0,2,4,2,260,0.08567094802856445,N/A,N/A,RIGHT,1,4
32,16,8,4,2,4,2,16,0,2,8,8,0,2,4,2,268,0.07458186149597168,N/A,N/A,RIGHT,1,9
32,16,8,4,2,4,2,16,0,2,2,16,0,2,4,2,284,0.13803887367248535,N/A,N/A,RIGHT,1,9
32,16,8,4,2,4,2,16,0,0,4,16,2,2,4,2,288,0.10645484924316406,N/A,N/A,RIGHT,1,12
32,16,8,4,2,4,2,16,2,0,4,16,0,4,4,2,292,0.12080907821655273,N/A,N/A,RIGHT,1,8
32,16,8,4,2,4,2,16,0,2,4,16,2,0,8,2,300,0.0639028549194336,N/A,N/A,RIGHT,1,12
32,16,8,4,2,4,2,16,0,2,4,16,2,2,8,2,300,0.0759437084197998,N/A,N/A,RIGHT,1,12
32,16,8,4,2,4,2,16,0,2,4,16,4,4,8,2,304,0.033583879470825195,N/A,N/A,RIGHT,1,12
32,16,8,4,2,4,2,16,0,2,4,16,4,8,8,2,312,0.03911995887756348,N/A,N/A,RIGHT,1,12
32,16,8,4,2,4,2,16,0,2,4,16,2,4,16,2,328,0.032711029052734375,N/A,N/A,UP,1,12
32,16,8,4,4,4,2,32,0,2,4,2,2,4,16,0,364,0.05086183547973633,N/A,N/A,RIGHT,1,12
32,16,8,4,4,8,2,32,0,2,4,2,0,2,4,16,372,0.06296229362487793,N/A,N/A,UP,1,4
32,16,8,4,4,8,2,32,2,4,8,2,0,0,0,16,384,0.02910900115966797,N/A,N/A,LEFT,1,8
32,16,8,4,4,8,2,32,2,4,8,2,16,0,2,0,384,0.029875993728637695,N/A,N/A,RIGHT,1,14
32,16,8,4,4,8,2,32,2,4,8,2,2,0,16,2,384,0.04772782325744629,N/A,N/A,RIGHT,1,12
32,16,8,4,4,8,2,32,2,4,8,2,2,2,16,2,384,0.02882981300354004,N/A,N/A,RIGHT,1,12
32,16,8,4,4,8,2,32,2,4,8,2,2,4,16,2,388,0.03827214241027832,N/A,N/A,UP,1,12
32,16,8,4,4,8,2,32,4,8,8,4,2,0,16,0,404,0.08929586410522461,N/A,N/A,RIGHT,1,12
32,16,8,4,4,8,2,32,2,4,16,4,0,0,2,16,420,0.01138615608215332,N/A,N/A,LEFT,1,8
32,16,8,4,4,8,2,32,2,4,16,4,2,16,0,2,420,0.02981710433959961,N/A,N/A,RIGHT,1,15
32,16,8,4,4,8,2,32,2,4,16,4,2,2,16,2,420,0.030732154846191406,N/A,N/A,RIGHT,1,12
32,16,8,4,4,8,2,32,2,4,16,4,2,4,16,2,424,0.043322086334228516,N/A,N/A,UP,1,12
32,16,8,4,4,8,2,32,4,8,32,4,0,2,0,2,468,0.09463906288146973,N/A,N/A,LEFT,1,13
32,16,8,4,4,8,2,32,4,8,32,4,4,0,2,0,472,0.08007192611694336,N/A,N/A,RIGHT,1,14
32,16,8,4,4,8,2,32,4,8,32,4,0,2,4,2,472,0.03104996681213379,N/A,N/A,LEFT,1,13
32,16,8,4,4,8,2,32,4,8,32,4,2,4,2,2,472,0.028254270553588867,N/A,N/A,RIGHT,1,15
32,16,8,4,4,8,2,32,4,8,32,4,2,2,4,4,476,0.07018303871154785,N/A,N/A,RIGHT,1,12
32,16,8,4,4,8,2,32,4,8,32,4,0,2,4,8,488,0.037663936614990234,N/A,N/A,LEFT,1,13
32,16,8,4,4,8,2,32,4,8,32,4,2,4,8,2,488,0.014358043670654297,N/A,N/A,UP,1,15
32,16,8,4,8,16,2,32,2,4,32,4,0,2,8,2,512,0.023585081100463867,N/A,N/A,LEFT,1,13
32,16,8,4,8,16,2,32,2,4,32,4,2,8,2,2,512,0.027122974395751953,N/A,N/A,RIGHT,1,15
32,16,8,4,8,16,2,32,2,4,32,4,4,2,8,4,516,0.017752647399902344,N/A,N/A,UP,1,12
32,32,8,4,8,4,2,32,2,2,32,8,4,2,8,0,556,0.056092262268066406,N/A,N/A,UP,1,13
32,32,8,4,8,4,2,32,2,4,32,8,4,0,8,2,560,0.040457963943481445,N/A,N/A,UP,1,15
32,32,8,4,8,8,2,32,2,0,32,8,4,2,8,2,568,0.03767895698547363,N/A,N/A,UP,1,13
32,32,8,4,8,8,2,32,2,2,32,8,4,2,8,2,568,0.033570051193237305,N/A,N/A,UP,1,13
32,32,8,4,8,8,2,32,2,4,32,8,4,2,8,2,572,0.012232780456542969,N/A,N/A,LEFT,1,13
64,8,4,2,16,2,32,0,2,4,32,8,4,2,8,2,652,0.014287948608398438,N/A,N/A,RIGHT,1,3
64,8,4,2,2,16,2,32,2,4,32,8,4,2,8,2,652,0.006573677062988281,N/A,N/A,UP,1,4
64,8,4,2,4,16,2,32,4,4,32,8,4,2,8,2,656,0.007730722427368164,N/A,N/A,RIGHT,1,12
64,8,4,2,4,16,2,32,2,8,32,8,4,2,8,2,664,0.007730722427368164,N/A,N/A,N/A,1,8
2,0,0,0,0,0,0,0,0,0,2,0,0,0,0,0,0,1.0976998805999756,N/A,N/A,UP,2,0
2,0,2,0,0,0,0,0,0,0,0,0,2,0,0,0,0,1.0625388622283936,N/A,N/A,UP,2,12
4,0,2,0,0,0,0,4,0,0,0,0,0,0,0,0,4,0.9470489025115967,N/A,N/A,UP,2,7
4,0,2,4,0,4,0,0,0,0,0,0,0,0,0,0,4,0.8402860164642334,N/A,N/A,UP,2,5
4,4,2,4,0,0,0,0,0,0,0,2,0,0,0,0,4,0.7843201160430908,N/A,N/A,UP,2,11
4,4,2,4,0,0,2,2,0,0,0,0,0,0,0,0,4,0.7355859279632568,N/A,N/A,UP,2,6
4,4,4,4,0,2,0,2,0,0,0,0,0,0,0,0,8,0.6216659545898438,N/A,N/A,LEFT,2,5
8,8,0,0,4,0,0,2,0,0,0,0,0,0,0,0,28,0.8786988258361816,N/A,N/A,UP,2,7
8,8,0,2,4,0,0,0,2,0,0,0,0,0,0,0,28,0.5149080753326416,N/A,N/A,LEFT,2,8
16,2,0,0,4,0,0,0,2,0,0,0,0,0,2,0,44,0.7357149124145508,N/A,N/A,UP,2,14
16,2,2,0,4,0,0,0,2,0,0,0,0,0,2,0,44,0.6712746620178223,N/A,N/A,UP,2,14
16,2,4,0,4,0,0,0,2,0,0,0,0,2,0,0,48,0.6704440116882324,N/A,N/A,UP,2,13
16,4,4,0,4,0,0,0,2,0,0,0,0,0,2,0,52,0.6425230503082275,N/A,N/A,UP,2,14
16,4,4,0,4,0,2,0,2,0,0,0,0,0,2,0,52,0.6431760787963867,N/A,N/A,UP,2,14
16,4,4,0,4,0,4,2,2,0,0,0,0,0,0,0,56,0.5914261341094971,N/A,N/A,UP,2,7
16,4,8,2,4,0,0,0,2,0,0,0,2,0,0,0,64,0.4440016746520996,N/A,N/A,RIGHT,2,12
16,4,8,2,0,0,0,4,2,0,0,2,0,0,0,2,64,0.49173712730407715,N/A,N/A,RIGHT,2,8
16,4,8,2,0,0,0,4,0,0,0,4,0,2,0,2,68,0.4536781311035156,N/A,N/A,RIGHT,2,13
16,4,8,2,2,0,0,4,0,0,0,4,0,0,0,4,72,0.41974592208862305,N/A,N/A,RIGHT,2,4
16,4,8,2,0,2,2,4,0,0,0,4,0,0,0,4,72,0.40498828887939453,N/A,N/A,RIGHT,2,5
16,4,8,2,0,0,4,4,0,0,0,4,0,0,2,4,76,0.3610250949859619,N/A,N/A,RIGHT,2,14
16,4,8,2,0,0,0,8,0,0,2,4,0,0,2,4,84,0.3395521640777588,N/A,N/A,UP,2,10
16,4,8,2,0,0,4,8,0,0,0,8,0,4,0,0,96,0.43968701362609863,N/A,N/A,RIGHT,2,13
16,4,8,2,0,2,4,8,0,0,0,8,0,0,0,4,96,0.25142693519592285,N/A,N/A,UP,2,5
16,4,8,2,0,2,4,16,0,0,0,4,0,0,0,2,112,0.13115692138671875,N/A,N/A,LEFT,2,15
16,4,8,2,2,4,16,0,4,0,2,0,2,0,0,0,112,0.2615499496459961,N/A,N/A,RIGHT,2,10
16,4,8,2,2,2,4,16,0,0,4,2,0,0,0,2,112,0.3031737804412842,N/A,N/A,RIGHT,2,4
16,4,8,2,0,4,4,16,0,2,4,2,0,0,0,2,116,0.31485629081726074,N/A,N/A,RIGHT,2,9
16,4,8,2,0,0,8,16,0,2,4,2,2,0,0,2,124,0.2849452495574951,N/A,N/A,RIGHT,2,12
16,4,8,2,4,0,8,16,0,2,4,2,0,0,0,4,128,0.1774899959564209,N/A,N/A,RIGHT,2,4
16,4,8,2,0,4,8,16,2,2,4,2,0,0,0,4,128,0.2192857265472412,N/A,N/A,RIGHT,2,8
16,4,8,2,0,4,8,16,0,4,4,2,0,0,2,4,132,0.18698906898498535,N/A,N/A,RIGHT,2,14
16,4,8,2,0,4,8,16,0,0,8,2,4,0,2,4,140,0.16269803047180176,N/A,N/A,RIGHT,2,12
16,4,8,2,2,4,8,16,0,0,8,2,0,4,2,4,140,0.09180903434753418,N/A,N/A,LEFT,2,4
16,4,8,2,2,4,8,16,8,2,2,0,4,2,4,0,140,0.12613868713378906,N/A,N/A,RIGHT,2,10
16,4,8,2,2,4,8,16,0,2,8,4,0,4,2,4,144,0.08622288703918457,N/A,N/A,LEFT,2,9
16,4,8,2,2,4,8,16,2,8,4,2,4,2,4,0,144,0.09881591796875,N/A,N/A,RIGHT,2,11
16,4,8,2,2,4,8,16,2,8,4,2,2,4,2,4,144,0.03754305839538574,N/A,N/A,UP,2,12
16,8,16,2,4,8,4,16,2,4,2,2,0,0,2,4,172,0.11301183700561523,N/A,N/A,RIGHT,2,14
16,8,16,2,4,8,4,16,2,2,4,4,0,0,2,4,176,0.12784576416015625,N/A,N/A,RIGHT,2,8
16,8,16,2,4,8,4,16,0,2,4,8,0,0,2,4,188,0.11981797218322754,N/A,N/A,LEFT,2,9
16,8,16,2,4,8,4,16,2,4,8,0,2,4,0,2,188,0.11562204360961914,N/A,N/A,RIGHT,2,15
16,8,16,2,4,8,4,16,2,2,4,8,0,2,4,2,188,0.08341002464294434,N/A,N/A,RIGHT,2,8
16,8,16,2,4,8,4,16,2,4,4,8,0,2,4,2,192,0.06191205978393555,N/A,N/A,RIGHT,2,8
16,8,16,2,4,8,4,16,2,2,8,8,0,2,4,2,200,0.08112072944641113,N/A,N/A,RIGHT,2,8
16,8,16,2,4,8,4,16,2,0,4,16,0,2,4,2,220,0.11125874519348145,N/A,N/A,RIGHT,2,8
16,8,16,2,4,8,4,16,2,2,4,16,0,2,4,2,220,0.09452176094055176,N/A,N/A,RIGHT,2,8
16,8,16,2,4,8,4,16,4,4,4,16,0,2,4,2,224,0.101654052734375,N/A,N/A,RIGHT,2,8
16,8,16,2,4,8,4,16,2,4,8,16,0,2,4,2,232,0.04932212829589844,N/A,N/A,UP,2,8
16,16,16,2,4,4,4,32,2,2,8,2,0,2,4,0,280,0.11389899253845215,N/A,N/A,UP,2,13
16,16,16,2,4,4,4,32,2,4,8,2,2,0,4,0,284,0.12426400184631348,N/A,N/A,UP,2,12
16,16,16,2,4,8,4,32,4,0,8,2,2,0,4,0,296,0.11457300186157227,N/A,N/A,UP,2,12
16,16,16,2,8,8,4,32,2,0,8,2,0,0,4,2,304,0.12907099723815918,N/A,N/A,UP,2,15
16,16,16,2,8,8,4,32,2,2,8,4,0,0,4,0,308,0.13468575477600098,N/A,N/A,LEFT,2,9
32,16,2,2,16,4,32,0,4,8,4,0,4,0,0,0,360,0.2257390022277832,N/A,N/A,UP,2,3
32,16,2,2,16,4,32,0,8,8,4,0,0,0,0,2,368,0.23376917839050293,N/A,N/A,UP,2,15
32,16,2,4,16,4,32,0,8,8,4,0,0,0,0,4,372,0.22203803062438965,N/A,N/A,RIGHT,2,15
32,16,2,4,0,16,4,32,0,0,16,4,0,0,2,4,388,0.1869208812713623,N/A,N/A,UP,2,14
32,32,2,4,0,0,4,32,0,0,16,8,0,0,2,2,428,0.21308302879333496,N/A,N/A,LEFT,2,15
64,2,4,0,4,32,2,0,16,8,0,0,4,0,0,0,496,0.13216423988342285,N/A,N/A,DOWN,2,6
64,0,0,0,4,2,0,2,16,32,4,0,4,8,2,0,496,0.261188268661499,N/A,N/A,LEFT,2,7
64,0,0,0,4,4,0,0,16,32,4,4,4,8,2,0,500,0.2601799964904785,N/A,N/A,LEFT,2,11
64,0,0,0,8,0,2,0,16,32,8,0,4,8,2,0,516,0.1847853660583496,N/A,N/A,LEFT,2,6
64,0,0,0,8,2,0,0,16,32,8,0,4,8,2,2,516,0.1567537784576416,N/A,N/A,LEFT,2,15
64,0,0,2,8,2,0,0,16,32,8,0,4,8,4,0,520,0.1885669231414795,N/A,N/A,UP,2,3
64,2,8,2,8,32,4,0,16,8,2,0,4,0,0,0,520,0.07564806938171387,N/A,N/A,RIGHT,2,10
64,2,8,2,0,8,32,4,0,16,8,2,0,0,2,4,520,0.053008317947387695,N/A,N/A,LEFT,2,14
64,2,8,2,8,32,4,0,16,8,2,2,2,4,0,0,520,0.09655332565307617,N/A,N/A,RIGHT,2,11
64,2,8,2,0,8,32,4,0,16,8,4,0,4,2,4,524,0.05965113639831543,N/A,N/A,UP,2,13
64,2,8,2,0,8,32,8,2,16,8,4,0,4,2,0,532,0.06571698188781738,N/A,N/A,RIGHT,2,8
64,2,8,2,0,8,32,8,2,16,8,4,2,0,4,2,532,0.040290117263793945,N/A,N/A,RIGHT,2,12
64,2,8,2,0,8,32,8,2,16,8,4,2,2,4,2,532,0.027964115142822266,N/A,N/A,RIGHT,2,12
64,2,8,2,0,8,32,8,2,16,8,4,2,4,4,2,536,0.03568577766418457,N/A,N/A,RIGHT,2,12
64,2,8,2,2,8,32,8,2,16,8,4,0,2,8,2,544,0.04488492012023926,N/A,N/A,LEFT,2,4
64,2,8,2,2,8,32,8,2,16,8,4,2,8,2,2,544,0.011077880859375,N/A,N/A,RIGHT,2,15
64,2,8,2,2,8,32,8,2,16,8,4,2,2,8,4,548,0.042221784591674805,N/A,N/A,RIGHT,2,12
64,2,8,2,2,8,32,8,2,16,8,4,2,4,8,4,552,0.038220882415771484,N/A,N/A,UP,2,12
64,2,8,2,4,8,32,8,2,16,16,8,0,4,0,2,580,0.05703306198120117,N/A,N/A,RIGHT,2,15
64,2,8,2,4,8,32,8,0,2,32,8,2,0,4,2,612,0.06278610229492188,N/A,N/A,RIGHT,2,12
64,2,8,2,4,8,32,8,0,2,32,8,2,2,4,2,612,0.06528806686401367,N/A,N/A,RIGHT,2,12
64,2,8,2,4,8,32,8,2,2,32,8,0,4,4,2,616,0.06223177909851074,N/A,N/A,RIGHT,2,8
64,2,8,2,4,8,32,8,0,4,32,8,0,2,8,2,628,0.05724215507507324,N/A,N/A,UP,2,13
64,2,8,2,4,8,64,16,2,4,8,2,0,2,0,0,708,0.053320884704589844,N/A,N/A,RIGHT,2,8
64,2,8,2,4,8,64,16,2,4,8,2,0,2,0,2,708,0.05451607704162598,N/A,N/A,RIGHT,2,13
64,2,8,2,4,8,64,16,2,4,8,2,0,0,2,4,712,0.0239102840423584,N/A,N/A,LEFT,2,14
64,2,8,2,4,8,64,16,2,4,8,2,2,4,2,0,712,0.04430103302001953,N/A,N/A,RIGHT,2,14
64,2,8,2,4,8,64,16,2,4,8,2,2,2,4,2,712,0.03354001045227051,N/A,N/A,RIGHT,2,12
64,2,8,2,4,8,64,16,2,4,8,2,2,4,4,2,716,0.05346202850341797,N/A,N/A,RIGHT,2,12
64,2,8,2,4,8,64,16,2,4,8,2,2,2,8,2,724,0.043263912200927734,N/A,N/A,RIGHT,2,12
64,2,8,2,4,8,64,16,2,4,8,2,2,4,8,2,728,0.05692481994628906,N/A,N/A,UP,2,12
64,2,8,2,4,8,64,16,4,8,16,4,0,2,0,0,760,0.10416269302368164,N/A,N/A,LEFT,2,13
64,2,8,2,4,8,64,16,4,8,16,4,2,0,0,2,760,0.08928203582763672,N/A,N/A,RIGHT,2,15
64,2,8,2,4,8,64,16,4,8,16,4,2,0,0,4,764,0.0918588638305664,N/A,N/A,RIGHT,2,12
64,2,8,2,4,8,64,16,4,8,16,4,0,2,2,4,764,0.0719602108001709,N/A,N/A,LEFT,2,13
64,2,8,2,4,8,64,16,4,8,16,4,4,4,2,0,768,0.04631400108337402,N/A,N/A,RIGHT,2,14
64,2,8,2,4,8,64,16,4,8,16,4,2,0,8,2,776,0.03597593307495117,N/A,N/A,RIGHT,2,12
64,2,8,2,4,8,64,16,4,8,16,4,2,2,8,2,776,0.022466182708740234,N/A,N/A,RIGHT,2,12
64,2,8,2,4,8,64,16,4,8,16,4,2,4,8,2,780,0.013040781021118164,N/A,N/A,UP,2,12
64,2,8,2,8,16,64,16,2,4,16,4,0,2,8,2,804,0.00859689712524414,N/A,N/A,LEFT,2,13
64,2,8,2,8,16,64,16,2,4,16,4,2,8,2,2,804,0.011348962783813477,N/A,N/A,RIGHT,2,15
64,2,8,2,8,16,64,16,2,4,16,4,2,2,8,4,808,0.020373106002807617,N/A,N/A,RIGHT,2,12
64,2,8,2,8,16,64,16,2,4,16,4,2,4,8,4,812,0.031434059143066406,N/A,N/A,UP,2,12
64,2,8,2,8,16,64,16,4,8,16,8,0,0,8,2,832,0.0187530517578125,N/A,N/A,LEFT,2,15
64,2,8,2,8,16,64,16,4,8,16,8,8,2,2,0,832,0.013230085372924805,N/A,N/A,RIGHT,2,14
64,2,8,2,8,16,64,16,4,8,16,8,0,2,8,4,836,0.004539966583251953,N/A,N/A,LEFT,2,13
64,2,8,2,8,16,64,16,4,8,16,8,2,8,4,4,836,0.015014171600341797,N/A,N/A,RIGHT,2,15
64,2,8,2,8,16,64,16,4,8,16,8,2,2,8,8,844,0.02097487449645996,N/A,N/A,RIGHT,2,12
64,2,8,2,8,16,64,16,4,8,16,8,2,0,4,16,864,0.006031990051269531,N/A,N/A,RIGHT,2,12
64,2,8,2,8,16,64,16,4,8,16,8,2,2,4,16,864,0.006127119064331055,N/A,N/A,RIGHT,2,12
64,2,8,2,8,16,64,16,4,8,16,8,2,4,4,16,868,0.004611015319824219,N/A,N/A,RIGHT,2,12
64,2,8,2,8,16,64,16,4,8,16,8,2,2,8,16,876,0.004814863204956055,N/A,N/A,RIGHT,2,12
64,2,8,2,8,16,64,16,4,8,16,8,2,4,8,16,880,0.004814863204956055,N/A,N/A,N/A,2,12
0,0,0,0,0,0,0,0,0,2,0,2,2,0,0,0,0,0.9887878894805908,N/A,N/A,UP,3,11
2,2,0,2,0,0,0,0,0,2,0,0,0,0,0,0,0,0.9065320491790771,N/A,N/A,LEFT,3,9
4,2,0,0,0,0,0,0,2,0,0,0,0,2,0,0,4,0.8826181888580322,N/A,N/A,LEFT,3,13
4,2,0,0,0,0,0,0,2,0,0,2,2,0,0,0,4,0.8673701286315918,N/A,N/A,LEFT,3,11
4,2,0,0,0,0,0,0,4,0,0,0,2,0,2,0,8,0.8359811305999756,N/A,N/A,UP,3,14
8,2,2,0,2,0,0,0,0,0,0,0,0,0,0,2,16,0.779822826385498,N/A,N/A,UP,3,15
8,2,2,2,2,0,0,0,0,0,0,2,0,0,0,0,16,0.6969788074493408,N/A,N/A,UP,3,11
8,2,2,4,2,0,0,0,0,0,0,0,0,0,2,0,20,0.7399828433990479,N/A,N/A,UP,3,14
8,2,4,4,2,0,0,0,0,0,0,2,0,0,0,0,24,0.6360039710998535,N/A,N/A,UP,3,11
8,2,4,4,2,0,0,2,0,0,2,0,0,0,0,0,24,0.5590190887451172,N/A,N/A,UP,3,10
8,2,4,4,2,0,2,2,2,0,0,0,0,0,0,0,24,0.5714240074157715,N/A,N/A,UP,3,8
8,2,4,4,4,0,2,2,0,0,2,0,0,0,0,0,28,0.5563082695007324,N/A,N/A,UP,3,10
8,2,4,4,4,0,4,2,0,0,0,0,0,2,0,0,32,0.5705080032348633,N/A,N/A,UP,3,13
8,4,8,4,4,0,0,2,0,0,0,0,0,0,2,0,44,0.47474193572998047,N/A,N/A,RIGHT,3,14
8,4,8,4,0,0,4,2,0,0,0,2,0,0,0,2,44,0.35005998611450195,N/A,N/A,UP,3,11
8,4,8,4,0,2,4,4,0,0,0,2,0,0,0,0,48,0.4539618492126465,N/A,N/A,RIGHT,3,5
8,4,8,4,0,0,2,8,0,2,0,2,0,0,0,0,56,0.39996981620788574,N/A,N/A,RIGHT,3,9
8,4,8,4,0,0,2,8,0,0,0,4,2,0,0,0,60,0.3458442687988281,N/A,N/A,RIGHT,3,12
8,4,8,4,0,0,2,8,0,2,0,4,0,0,0,2,60,0.30021023750305176,N/A,N/A,RIGHT,3,9
8,4,8,4,0,0,2,8,0,0,2,4,0,0,2,2,60,0.31527280807495117,N/A,N/A,RIGHT,3,14
8,4,8,4,0,2,2,8,0,0,2,4,0,0,0,4,64,0.3511171340942383,N/A,N/A,RIGHT,3,5
8,4,8,4,2,0,4,8,0,0,2,4,0,0,0,4,68,0.2708308696746826,N/A,N/A,RIGHT,3,4
8,4,8,4,0,2,4,8,2,0,2,4,0,0,0,4,68,0.26775503158569336,N/A,N/A,RIGHT,3,8
8,4,8,4,0,2,4,8,0,0,4,4,0,2,0,4,72,0.35141873359680176,N/A,N/A,RIGHT,3,13
8,4,8,4,0,2,4,8,0,0,0,8,0,2,2,4,80,0.31548309326171875,N/A,N/A,RIGHT,3,13
8,4,8,4,0,2,4,8,0,0,0,8,0,2,4,4,84,0.33593177795410156,N/A,N/A,RIGHT,3,13
8,4,8,4,0,2,4,8,0,0,0,8,0,2,2,8,92,0.2913992404937744,N/A,N/A,RIGHT,3,13
8,4,8,4,0,2,4,8,0,0,2,8,0,0,4,8,96,0.16947507858276367,N/A,N/A,LEFT,3,10
8,4,8,4,2,4,8,0,2,8,0,0,4,8,0,2,96,0.27405285835266113,N/A,N/A,RIGHT,3,15
8,4,8,4,0,2,4,8,0,0,2,8,2,4,8,2,96,0.09255504608154297,N/A,N/A,LEFT,3,12
8,4,8,4,2,4,8,0,2,8,0,4,2,4,8,2,96,0.16282868385314941,N/A,N/A,RIGHT,3,11
8,4,8,4,0,2,4,8,2,2,8,4,2,4,8,2,96,0.09085893630981445,N/A,N/A,RIGHT,3,8
8,4,8,4,0,2,4,8,2,4,8,4,2,4,8,2,100,0.060536861419677734,N/A,N/A,LEFT,3,8
8,4,8,4,2,4,8,4,2,4,8,4,2,4,8,2,100,0.13869190216064453,N/A,N/A,UP,3,7
8,8,16,8,4,8,16,4,2,0,2,2,0,0,0,0,160,0.32878613471984863,N/A,N/A,LEFT,3,10
16,16,8,0,4,8,16,4,4,2,0,0,2,0,0,0,180,0.3235042095184326,N/A,N/A,UP,3,12
16,16,8,4,8,8,16,2,2,2,0,0,0,0,0,0,188,0.29418396949768066,N/A,N/A,LEFT,3,7
32,8,4,0,16,16,2,0,4,2,0,0,0,0,0,0,240,0.330075740814209,N/A,N/A,LEFT,3,9
32,8,4,0,32,2,0,0,4,2,2,0,0,0,0,0,272,0.5650529861450195,N/A,N/A,LEFT,3,10
32,8,4,0,32,2,0,0,4,4,0,0,2,0,0,0,276,0.4883730411529541,N/A,N/A,LEFT,3,12
32,8,4,0,32,2,0,2,8,0,0,0,2,0,0,0,284,0.4865238666534424,N/A,N/A,LEFT,3,7
32,8,4,0,32,4,0,0,8,0,0,0,2,0,0,2,288,0.4590611457824707,N/A,N/A,LEFT,3,15
32,8,4,0,32,4,0,0,8,4,0,0,4,0,0,0,292,0.4155309200286865,N/A,N/A,UP,3,9
64,8,4,0,8,8,0,0,4,2,0,0,0,0,0,0,364,0.5294840335845947,N/A,N/A,UP,3,9
64,16,4,0,8,2,0,0,4,0,0,0,0,0,0,4,380,0.5102798938751221,N/A,N/A,UP,3,15
64,16,4,4,8,2,2,0,4,0,0,0,0,0,0,0,380,0.3530430793762207,N/A,N/A,RIGHT,3,6
0,64,16,8,0,0,8,4,0,0,0,4,0,0,2,0,392,0.539902925491333,N/A,N/A,LEFT,3,14
64,16,8,0,8,4,2,0,4,0,0,0,2,0,0,0,392,0.16786503791809082,N/A,N/A,DOWN,3,6
64,0,0,0,8,0,0,0,4,16,8,2,2,4,2,0,392,0.2088758945465088,N/A,N/A,UP,3,11
64,16,8,2,8,4,2,0,4,0,0,0,2,0,2,0,392,0.30287981033325195,N/A,N/A,RIGHT,3,14
64,16,8,2,0,8,4,2,0,2,0,4,0,0,0,4,396,0.288877010345459,N/A,N/A,RIGHT,3,9
64,16,8,2,0,8,4,2,2,0,2,4,0,0,0,4,396,0.2755560874938965,N/A,N/A,RIGHT,3,8
64,16,8,2,0,8,4,2,0,0,4,4,0,0,2,4,400,0.31896400451660156,N/A,N/A,RIGHT,3,14
64,16,8,2,0,8,4,2,0,0,0,8,2,0,2,4,408,0.22300100326538086,N/A,N/A,RIGHT,3,12
64,16,8,2,0,8,4,2,0,0,0,8,2,0,4,4,412,0.282412052154541,N/A,N/A,RIGHT,3,12
64,16,8,2,0,8,4,2,0,0,0,8,2,0,2,8,420,0.2704179286956787,N/A,N/A,RIGHT,3,12
64,16,8,2,0,8,4,2,0,0,2,8,0,0,4,8,424,0.17807412147521973,N/A,N/A,UP,3,10
64,16,8,4,0,8,4,16,0,0,2,4,0,0,4,0,444,0.15480399131774902,N/A,N/A,RIGHT,3,11
64,16,8,4,0,8,4,16,0,2,2,4,0,0,0,4,444,0.2410900592803955,N/A,N/A,RIGHT,3,9
64,16,8,4,0,8,4,16,0,0,4,4,2,0,0,4,448,0.28748321533203125,N/A,N/A,RIGHT,3,12
64,16,8,4,2,8,4,16,0,0,0,8,0,0,2,4,456,0.1056210994720459,N/A,N/A,UP,3,4
64,16,8,4,2,8,4,16,0,0,2,8,2,0,0,4,456,0.14087128639221191,N/A,N/A,RIGHT,3,12
64,16,8,4,2,8,4,16,0,0,2,8,4,0,2,4,456,0.09649205207824707,N/A,N/A,RIGHT,3,12
64,16,8,4,2,8,4,16,0,2,2,8,0,4,2,4,456,0.06962203979492188,N/A,N/A,RIGHT,3,9
64,16,8,4,2,8,4,16,0,4,4,8,0,4,2,4,460,0.10846900939941406,N/A,N/A,RIGHT,3,9
64,16,8,4,2,8,4,16,0,2,8,8,0,4,2,4,468,0.041681766510009766,N/A,N/A,RIGHT,3,9
64,16,8,4,2,8,4,16,0,0,2,16,2,4,2,4,484,0.09819197654724121,N/A,N/A,UP,3,12
64,16,8,4,4,8,4,32,0,4,4,4,0,0,2,0,524,0.1683671474456787,N/A,N/A,RIGHT,3,14
64,16,8,4,4,8,4,32,0,0,4,8,2,0,0,2,532,0.18303728103637695,N/A,N/A,RIGHT,3,12
64,16,8,4,4,8,4,32,0,0,4,8,0,0,2,4,536,0.12126588821411133,N/A,N/A,UP,3,14
64,16,8,4,4,8,8,32,0,2,2,8,0,0,0,4,544,0.19932007789611816,N/A,N/A,RIGHT,3,9
64,16,8,4,0,4,16,32,0,2,4,8,0,0,0,4,564,0.07141304016113281,N/A,N/A,LEFT,3,9
64,16,8,4,4,16,32,0,2,4,8,0,4,2,0,0,564,0.10396170616149902,N/A,N/A,RIGHT,3,13
64,16,8,4,0,4,16,32,0,2,4,8,2,0,4,2,564,0.08970212936401367,N/A,N/A,RIGHT,3,12
64,16,8,4,0,4,16,32,2,2,4,8,0,2,4,2,564,0.11574316024780273,N/A,N/A,RIGHT,3,8
64,16,8,4,0,4,16,32,0,4,4,8,2,2,4,2,568,0.12056207656860352,N/A,N/A,RIGHT,3,12
64,16,8,4,2,4,16,32,0,0,8,8,0,4,4,2,580,0.1168370246887207,N/A,N/A,RIGHT,3,4
64,16,8,4,2,4,16,32,2,0,0,16,0,0,8,2,604,0.14698076248168945,N/A,N/A,RIGHT,3,8
64,16,8,4,2,4,16,32,0,0,2,16,0,4,8,2,604,0.06754398345947266,N/A,N/A,UP,3,13
64,16,8,4,2,8,16,32,0,0,2,16,0,2,8,2,612,0.04754495620727539,N/A,N/A,UP,3,13
64,16,8,4,2,8,16,32,0,2,2,16,2,0,8,2,612,0.05484890937805176,N/A,N/A,RIGHT,3,12
64,16,8,4,2,8,16,32,0,2,4,16,0,2,8,2,616,0.03880906105041504,N/A,N/A,UP,3,9
64,16,8,4,2,8,16,32,2,4,4,16,0,0,8,2,620,0.07119894027709961,N/A,N/A,RIGHT,3,8
64,16,8,4,2,8,16,32,0,2,8,16,2,0,8,2,628,0.08440399169921875,N/A,N/A,RIGHT,3,12
64,16,8,4,2,8,16,32,0,2,8,16,2,2,8,2,628,0.11287403106689453,N/A,N/A,RIGHT,3,12
64,16,8,4,2,8,16,32,2,2,8,16,0,4,8,2,632,0.13084006309509277,N/A,N/A,RIGHT,3,8
64,16,8,4,2,8,16,32,0,4,8,16,2,4,8,2,636,0.2532820701599121,N/A,N/A,UP,3,12
64,16,8,4,4,8,16,32,2,8,16,16,0,0,0,2,664,0.38111305236816406,N/A,N/A,RIGHT,3,8
64,16,8,4,4,8,16,32,0,2,8,32,2,0,0,2,696,0.2114570140838623,N/A,N/A,RIGHT,3,12
64,16,8,4,4,8,16,32,0,2,8,32,2,0,0,4,700,0.1536269187927246,N/A,N/A,RIGHT,3,12
64,16,8,4,4,8,16,32,0,2,8,32,2,0,2,4,700,0.10878896713256836,N/A,N/A,RIGHT,3,12
64,16,8,4,4,8,16,32,0,2,8,32,2,0,4,4,704,0.10688400268554688,N/A,N/A,RIGHT,3,12
64,16,8,4,4,8,16,32,2,2,8,32,0,0,2,8,712,0.09309506416320801,N/A,N/A,RIGHT,3,8
64,16,8,4,4,8,16,32,0,4,8,32,0,2,2,8,716,0.0725550651550293,N/A,N/A,RIGHT,3,13
64,16,8,4,4,8,16,32,0,4,8,32,0,2,4,8,720,0.039656877517700195,N/A,N/A,UP,3,13
64,16,8,4,4,8,16,64,0,4,8,8,2,2,4,0,784,0.08621716499328613,N/A,N/A,RIGHT,3,12
64,16,8,4,4,8,16,64,2,0,4,16,0,0,4,4,804,0.10328316688537598,N/A,N/A,RIGHT,3,8
64,16,8,4,4,8,16,64,0,2,4,16,2,0,0,8,812,0.06594181060791016,N/A,N/A,RIGHT,3,12
64,16,8,4,4,8,16,64,2,2,4,16,0,0,2,8,812,0.05124092102050781,N/A,N/A,RIGHT,3,8
64,16,8,4,4,8,16,64,2,4,4,16,0,0,2,8,816,0.04430985450744629,N/A,N/A,RIGHT,3,8
64,16,8,4,4,8,16,64,0,2,8,16,2,0,2,8,824,0.05341315269470215,N/A,N/A,RIGHT,3,12
64,16,8,4,4,8,16,64,4,2,8,16,0,0,4,8,828,0.055277109146118164,N/A,N/A,LEFT,3,8
64,16,8,4,4,8,16,64,4,2,8,16,4,8,0,2,828,0.03492307662963867,N/A,N/A,RIGHT,3,15
64,16,8,4,4,8,16,64,4,2,8,16,2,4,8,2,828,0.0325770378112793,N/A,N/A,UP,3,12
64,16,8,4,8,8,16,64,2,2,16,16,2,4,0,2,852,0.1318831443786621,N/A,N/A,RIGHT,3,12
64,16,8,4,0,16,16,64,0,2,4,32,0,2,4,2,904,0.19709396362304688,N/A,N/A,RIGHT,3,9
64,16,8,4,0,0,32,64,2,2,4,32,0,2,4,2,936,0.19872808456420898,N/A,N/A,RIGHT,3,8
64,16,8,4,0,0,32,64,2,4,4,32,0,2,4,2,940,0.1468522548675537,N/A,N/A,RIGHT,3,8
64,16,8,4,0,2,32,64,0,2,8,32,0,2,4,2,948,0.08912801742553711,N/A,N/A,UP,3,5
64,16,8,4,0,4,32,64,2,2,8,32,0,0,4,2,952,0.11707401275634766,N/A,N/A,RIGHT,3,8
64,16,8,4,2,4,32,64,0,4,8,32,0,0,4,2,956,0.0848848819732666,N/A,N/A,UP,3,4
64,16,8,4,2,8,32,64,4,0,8,32,0,0,4,2,964,0.06801700592041016,N/A,N/A,RIGHT,3,8
64,16,8,4,2,8,32,64,0,4,8,32,2,0,4,2,964,0.05961179733276367,N/A,N/A,RIGHT,3,12
64,16,8,4,2,8,32,64,0,4,8,32,4,2,4,2,964,0.010025978088378906,N/A,N/A,UP,3,12
64,16,8,4,2,8,32,64,4,4,8,32,2,2,4,2,964,0.03348994255065918,N/A,N/A,RIGHT,3,12
64,16,8,4,2,8,32,64,2,8,8,32,0,4,4,2,976,0.08962106704711914,N/A,N/A,RIGHT,3,8
64,16,8,4,2,8,32,64,0,2,16,32,0,4,8,2,1000,0.016791105270385742,N/A,N/A,LEFT,3,13
64,16,8,4,2,8,32,64,2,16,32,0,4,8,2,2,1000,0.0800168514251709,N/A,N/A,RIGHT,3,15
64,16,8,4,2,8,32,64,0,2,16,32,2,4,8,4,1004,0.023919105529785156,N/A,N/A,UP,3,12
64,16,8,4,4,8,32,64,0,2,16,32,2,4,8,4,1008,0.00834798812866211,N/A,N/A,UP,3,12
64,16,8,4,4,8,32,64,2,2,16,32,2,4,8,4,1008,0.016841888427734375,N/A,N/A,RIGHT,3,12
64,16,8,4,4,8,32,64,2,4,16,32,2,4,8,4,1012,0.026835203170776367,N/A,N/A,UP,3,8
64,16,8,4,4,8,32,64,4,8,16,32,2,0,8,4,1024,0.05454587936401367,N/A,N/A,RIGHT,3,12
64,16,8,4,4,8,32,64,4,8,16,32,4,2,8,4,1024,0.02190995216369629,N/A,N/A,UP,3,12
64,16,8,4,8,16,32,64,4,2,16,32,0,2,8,4,1048,0.04331398010253906,N/A,N/A,LEFT,3,13
64,16,8,4,8,16,32,64,4,2,16,32,2,8,4,2,1048,0.004231929779052734,N/A,N/A,UP,3,15
64,32,8,4,8,2,32,64,4,8,16,32,2,2,4,2,1080,0.010216951370239258,N/A,N/A,RIGHT,3,13
64,32,8,4,8,2,32,64,4,8,16,32,4,4,4,2,1084,0.015539169311523438,N/A,N/A,RIGHT,3,12
64,32,8,4,8,2,32,64,4,8,16,32,2,4,8,2,1092,0.015539169311523438,N/A,N/A,N/A,3,12
0,0,0,0,0,2,0,0,0,0,0,2,0,2,0,0,0,1.348949909210205,N/A,N/A,LEFT,4,11
0,0,0,0,2,0,0,0,2,0,0,0,2,0,2,0,0,1.2814421653747559,N/A,N/A,LEFT,4,14
0,0,0,0,2,2,0,0,2,0,0,0,4,0,0,0,4,1.068587064743042,N/A,N/A,UP,4,5
4,2,0,0,4,2,0,0,0,0,0,0,0,0,0,0,8,0.8920557498931885,N/A,N/A,RIGHT,4,5
0,0,4,2,0,0,4,2,0,2,0,0,0,0,0,0,8,0.8642821311950684,N/A,N/A,LEFT,4,9
4,2,0,2,4,2,0,0,2,0,0,0,0,0,0,0,8,0.9705178737640381,N/A,N/A,UP,4,3
8,4,0,2,2,0,0,0,2,0,0,0,0,0,0,0,20,0.8134829998016357,N/A,N/A,UP,4,8
8,4,0,2,4,0,0,0,0,0,0,2,0,0,0,0,24,0.7623159885406494,N/A,N/A,UP,4,11
8,4,0,4,4,0,0,0,2,0,0,0,0,0,0,0,28,0.5880868434906006,N/A,N/A,LEFT,4,8
8,8,0,0,4,0,0,0,2,0,0,0,0,2,0,0,36,0.7785830497741699,N/A,N/A,UP,4,13
8,8,0,0,4,2,0,0,2,0,0,0,0,0,0,2,36,0.6968843936920166,N/A,N/A,UP,4,15
8,8,0,2,4,2,0,0,2,0,0,0,2,0,0,0,36,0.8604416847229004,N/A,N/A,UP,4,12
8,8,0,2,4,2,0,0,4,0,0,0,0,0,2,0,40,0.8221430778503418,N/A,N/A,UP,4,14
8,8,2,2,8,2,0,0,0,0,0,0,0,0,0,2,48,0.8551971912384033,N/A,N/A,UP,4,15
16,8,2,4,0,2,0,0,2,0,0,0,0,0,0,0,68,0.7405533790588379,N/A,N/A,RIGHT,4,8
16,8,2,4,0,0,0,2,0,0,2,2,0,0,0,0,68,0.6456027030944824,N/A,N/A,RIGHT,4,10
16,8,2,4,0,0,0,2,0,0,0,4,0,2,0,0,72,0.4559061527252197,N/A,N/A,RIGHT,4,13
16,8,2,4,0,2,0,2,0,0,0,4,0,0,0,2,72,0.3352940082550049,N/A,N/A,RIGHT,4,5
16,8,2,4,0,0,0,4,0,0,2,4,0,0,0,2,76,0.3699309825897217,N/A,N/A,UP,4,10
16,8,4,8,0,0,0,4,0,0,0,2,2,0,0,0,88,0.4641580581665039,N/A,N/A,RIGHT,4,12
16,8,4,8,0,0,0,4,0,0,0,2,2,0,0,2,88,0.47940778732299805,N/A,N/A,RIGHT,4,12
16,8,4,8,0,0,0,4,0,0,2,2,0,0,0,4,92,0.4071309566497803,N/A,N/A,RIGHT,4,10
16,8,4,8,0,0,0,4,0,0,0,4,0,2,0,4,96,0.4409620761871338,N/A,N/A,RIGHT,4,13
16,8,4,8,0,0,0,4,0,2,0,4,0,0,2,4,96,0.43125104904174805,N/A,N/A,RIGHT,4,9
16,8,4,8,0,0,2,4,0,0,2,4,0,0,2,4,96,0.24154877662658691,N/A,N/A,UP,4,6
16,8,4,8,0,0,4,8,0,0,2,4,0,2,0,0,108,0.4903712272644043,N/A,N/A,RIGHT,4,13
16,8,4,8,0,0,4,8,0,0,2,4,0,2,0,2,108,0.3827238082885742,N/A,N/A,RIGHT,4,13
16,8,4,8,0,0,4,8,0,0,2,4,0,0,2,4,112,0.3586881160736084,N/A,N/A,UP,4,14
16,8,8,16,0,0,4,8,0,0,0,2,0,0,0,0,148,0.4156959056854248,N/A,N/A,LEFT,4,11
16,16,16,0,4,8,0,0,2,0,0,0,2,0,0,0,164,0.655034065246582,N/A,N/A,UP,4,12
16,16,16,2,4,8,0,0,4,0,0,0,0,0,0,0,168,0.6690549850463867,N/A,N/A,UP,4,3
16,16,16,2,8,8,0,0,0,0,0,0,0,2,0,0,176,0.6091032028198242,N/A,N/A,UP,4,13
16,16,16,2,8,8,0,2,0,2,0,0,0,0,0,0,176,0.5385439395904541,N/A,N/A,UP,4,7
16,16,16,4,8,8,0,0,0,2,0,0,0,0,2,0,180,0.5519528388977051,N/A,N/A,UP,4,14
16,16,16,4,8,8,2,0,0,2,0,0,0,2,0,0,180,0.4327819347381592,N/A,N/A,UP,4,13
16,16,16,4,8,8,2,0,0,4,0,0,0,2,0,0,184,0.28527188301086426,N/A,N/A,LEFT,4,13
32,16,4,0,16,2,0,0,4,0,0,0,2,0,2,0,232,0.4657609462738037,N/A,N/A,UP,4,14
32,16,4,0,16,2,2,0,4,0,0,0,2,0,0,2,232,0.42206311225891113,N/A,N/A,UP,4,15
32,16,4,2,16,2,2,0,4,0,0,0,2,0,2,0,232,0.3595728874206543,N/A,N/A,RIGHT,4,14
32,16,4,2,0,0,16,4,0,0,2,4,0,0,0,4,240,0.22574901580810547,N/A,N/A,UP,4,10
32,16,4,2,2,0,16,8,0,0,2,4,0,0,0,0,248,0.21254515647888184,N/A,N/A,RIGHT,4,4
32,16,4,2,0,2,16,8,0,0,2,4,0,0,0,2,248,0.11971521377563477,N/A,N/A,LEFT,4,15
32,16,4,2,2,16,8,0,2,4,0,0,2,0,2,0,248,0.27657580375671387,N/A,N/A,RIGHT,4,14
32,16,4,2,0,2,16,8,0,2,2,4,0,0,0,4,252,0.2781810760498047,N/A,N/A,RIGHT,4,9
32,16,4,2,0,2,16,8,0,0,4,4,0,0,2,4,256,0.23266291618347168,N/A,N/A,RIGHT,4,14
32,16,4,2,0,2,16,8,2,0,0,8,0,0,2,4,264,0.20812320709228516,N/A,N/A,RIGHT,4,8
32,16,4,2,0,2,16,8,2,0,2,8,0,0,2,4,264,0.20102691650390625,N/A,N/A,RIGHT,4,8
32,16,4,2,0,2,16,8,2,0,4,8,0,0,2,4,268,0.14688801765441895,N/A,N/A,RIGHT,4,8
32,16,4,2,0,2,16,8,0,2,4,8,2,0,2,4,268,0.1470050811767578,N/A,N/A,RIGHT,4,12
32,16,4,2,0,2,16,8,2,2,4,8,0,0,4,4,272,0.20066094398498535,N/A,N/A,RIGHT,4,8
32,16,4,2,0,2,16,8,0,4,4,8,0,0,2,8,284,0.16711115837097168,N/A,N/A,RIGHT,4,14
32,16,4,2,0,2,16,8,2,0,8,8,0,0,2,8,292,0.1719207763671875,N/A,N/A,RIGHT,4,8
32,16,4,2,0,2,16,8,2,0,2,16,0,0,2,8,308,0.15300679206848145,N/A,N/A,RIGHT,4,8
32,16,4,2,2,2,16,8,0,0,4,16,0,0,2,8,312,0.09662413597106934,N/A,N/A,RIGHT,4,4
32,16,4,2,0,4,16,8,4,0,4,16,0,0,2,8,316,0.11661815643310547,N/A,N/A,RIGHT,4,8
32,16,4,2,0,4,16,8,0,0,8,16,2,0,2,8,324,0.11160707473754883,N/A,N/A,RIGHT,4,12
32,16,4,2,0,4,16,8,2,0,8,16,0,0,4,8,328,0.11093783378601074,N/A,N/A,RIGHT,4,8
32,16,4,2,2,4,16,8,0,2,8,16,0,0,4,8,328,0.03687906265258789,N/A,N/A,LEFT,4,4
32,16,4,2,2,4,16,8,2,8,16,0,4,8,0,2,328,0.10747194290161133,N/A,N/A,RIGHT,4,15
32,16,4,2,2,4,16,8,0,2,8,16,4,4,8,2,328,0.04968595504760742,N/A,N/A,RIGHT,4,12
32,16,4,2,2,4,16,8,0,2,8,16,2,8,8,2,336,0.06090998649597168,N/A,N/A,RIGHT,4,12
32,16,4,2,2,4,16,8,0,2,8,16,2,2,16,2,352,0.053247928619384766,N/A,N/A,RIGHT,4,12
32,16,4,2,2,4,16,8,0,2,8,16,2,4,16,2,356,0.018438100814819336,N/A,N/A,UP,4,12
32,16,4,2,4,4,16,8,0,2,8,16,2,4,16,2,360,0.02019524574279785,N/A,N/A,RIGHT,4,12
32,16,4,2,4,8,16,8,0,2,8,16,2,4,16,2,368,0.0066030025482177734,N/A,N/A,UP,4,4
32,16,4,2,4,8,16,8,2,2,8,16,2,4,16,2,368,0.0156857967376709,N/A,N/A,RIGHT,4,12
32,16,4,2,4,8,16,8,2,4,8,16,2,4,16,2,372,0.022088050842285156,N/A,N/A,UP,4,8
32,16,4,2,4,8,16,8,4,8,8,16,0,2,16,2,384,0.055650949478149414,N/A,N/A,RIGHT,4,13
32,16,4,2,4,8,16,8,4,4,16,16,0,2,16,2,400,0.05972099304199219,N/A,N/A,RIGHT,4,8
32,16,4,2,4,8,16,8,0,0,8,32,2,2,16,2,440,0.04100608825683594,N/A,N/A,RIGHT,4,12
32,16,4,2,4,8,16,8,0,2,8,32,0,4,16,2,444,0.015097856521606445,N/A,N/A,LEFT,4,9
32,16,4,2,4,8,16,8,2,8,32,2,4,16,2,0,444,0.02457880973815918,N/A,N/A,RIGHT,4,11
32,16,4,2,4,8,16,8,2,8,32,2,4,4,16,2,444,0.030230045318603516,N/A,N/A,RIGHT,4,12
32,16,4,2,4,8,16,8,2,8,32,2,2,8,16,2,452,0.03881216049194336,N/A,N/A,UP,4,12
32,16,4,2,4,16,16,8,4,8,32,4,2,0,16,0,476,0.08186101913452148,N/A,N/A,RIGHT,4,12
32,16,4,2,2,4,32,8,4,8,32,4,0,0,2,16,508,0.029879093170166016,N/A,N/A,LEFT,4,4
32,16,4,2,2,4,32,8,4,8,32,4,2,16,0,2,508,0.020188331604003906,N/A,N/A,RIGHT,4,15
32,16,4,2,2,4,32,8,4,8,32,4,2,2,16,2,508,0.012239933013916016,N/A,N/A,LEFT,4,12
32,16,4,2,2,4,32,8,4,8,32,4,4,16,2,2,512,0.029135942459106445,N/A,N/A,RIGHT,4,15
32,16,4,2,2,4,32,8,4,8,32,4,2,4,16,4,516,0.02370905876159668,N/A,N/A,UP,4,12
32,16,4,2,2,4,64,8,4,8,16,8,2,4,0,2,588,0.020867109298706055,N/A,N/A,RIGHT,4,15
32,16,4,2,2,4,64,8,4,8,16,8,2,2,4,2,588,0.014260053634643555,N/A,N/A,RIGHT,4,12
32,16,4,2,2,4,64,8,4,8,16,8,2,4,4,2,592,0.01658487319946289,N/A,N/A,RIGHT,4,12
32,16,4,2,2,4,64,8,4,8,16,8,2,2,8,2,600,0.01744222640991211,N/A,N/A,RIGHT,4,12
32,16,4,2,2,4,64,8,4,8,16,8,2,4,8,2,604,0.003847360610961914,N/A,N/A,UP,4,12
32,16,4,2,2,4,64,16,4,8,16,2,2,4,8,2,620,0.004108905792236328,N/A,N/A,UP,4,15
32,16,4,2,2,4,64,16,4,8,16,4,2,4,8,2,624,0.004108905792236328,N/A,N/A,N/A,4,15
0,0,0,0,0,0,0,0,0,0,2,0,0,0,0,0,0,1.2392299175262451,N/A,N/A,LEFT,5,10
0,0,0,0,0,0,0,0,2,0,0,0,2,0,0,0,0,0.8859200477600098,N/A,N/A,DOWN,5,12
0,0,0,0,0,0,0,0,0,0,0,0,4,2,0,0,4,0.5044829845428467,N/A,N/A,UP,5,13
4,2,2,0,0,0,0,0,0,0,0,0,0,0,0,0,4,0.827401876449585,N/A,N/A,LEFT,5,2
4,4,0,0,4,0,0,0,0,0,0,0,0,0,0,0,8,1.0164904594421387,N/A,N/A,UP,5,4
8,4,0,0,0,0,0,0,0,0,0,0,0,0,0,2,16,0.9473550319671631,N/A,N/A,UP,5,15
8,4,0,2,0,0,0,0,0,0,0,0,0,0,2,0,16,0.8382692337036133,N/A,N/A,UP,5,14
8,4,2,2,0,0,0,0,0,0,0,0,0,0,2,0,16,0.8674371242523193,N/A,N/A,UP,5,14
8,4,4,2,0,0,0,0,0,2,0,0,0,0,0,0,20,0.778684139251709,N/A,N/A,UP,5,9
8,4,4,2,0,2,0,0,0,0,2,0,0,0,0,0,20,0.6806337833404541,N/A,N/A,UP,5,10
8,4,4,2,0,2,2,0,0,0,0,0,2,0,0,0,20,0.6514649391174316,N/A,N/A,UP,5,12
8,4,4,2,2,2,2,0,0,0,0,0,2,0,0,0,20,0.6095790863037109,N/A,N/A,UP,5,12
8,4,4,2,4,2,2,0,0,0,0,2,0,0,0,0,24,0.5609729290008545,N/A,N/A,UP,5,11
8,4,4,4,4,2,2,0,2,0,0,0,0,0,0,0,28,0.44169020652770996,N/A,N/A,LEFT,5,8
8,8,4,0,4,4,0,0,2,0,0,0,2,0,0,0,40,0.6841752529144287,N/A,N/A,UP,5,12
8,8,4,0,4,4,0,2,4,0,0,0,0,0,0,0,44,0.6227619647979736,N/A,N/A,UP,5,7
8,8,4,2,8,4,4,0,0,0,0,0,0,0,0,0,52,0.6722123622894287,N/A,N/A,UP,5,6
16,8,8,2,4,4,0,0,0,0,0,0,0,0,0,0,76,0.5477209091186523,N/A,N/A,LEFT,5,4
16,16,2,2,8,0,0,0,0,0,0,0,0,0,0,0,100,0.5850210189819336,N/A,N/A,RIGHT,5,3
0,0,32,4,0,0,0,8,0,0,4,0,0,0,0,0,136,0.7213888168334961,N/A,N/A,LEFT,5,10
32,4,0,2,8,0,0,0,4,0,0,0,0,0,0,0,136,0.5629110336303711,N/A,N/A,LEFT,5,3
32,4,2,0,8,0,0,0,4,0,0,0,2,0,0,0,136,0.316601037979126,N/A,N/A,DOWN,5,12
32,0,0,0,8,0,0,2,4,0,0,0,2,4,2,0,136,0.5170559883117676,N/A,N/A,LEFT,5,7
32,0,0,0,8,2,0,0,4,0,0,0,2,4,2,2,136,0.49521493911743164,N/A,N/A,LEFT,5,15
32,0,2,0,8,2,0,0,4,0,0,0,2,4,4,0,140,0.500917911529541,N/A,N/A,UP,5,2
32,2,2,0,8,4,4,0,4,2,0,0,2,0,0,0,140,0.33861684799194336,N/A,N/A,LEFT,5,9
32,4,2,0,8,8,0,0,4,2,0,0,2,0,0,0,152,0.36395978927612305,N/A,N/A,LEFT,5,2
32,4,2,0,16,2,0,0,4,2,0,0,2,0,0,0,168,0.3911888599395752,N/A,N/A,UP,5,5
32,4,2,0,16,4,0,0,4,0,0,0,2,0,0,2,172,0.5713300704956055,N/A,N/A,LEFT,5,15
32,4,2,0,16,4,0,0,4,0,0,0,4,0,2,0,176,0.7370998859405518,N/A,N/A,LEFT,5,14
32,4,2,0,16,4,0,2,4,0,0,0,4,2,0,0,176,0.695336103439331,N/A,N/A,LEFT,5,7
32,4,2,0,16,4,2,0,4,0,0,4,4,2,0,0,176,0.622654914855957,N/A,N/A,LEFT,5,11
32,4,2,0,16,4,2,0,8,0,0,0,4,2,4,0,184,0.3633589744567871,N/A,N/A,UP,5,14
32,8,4,0,16,2,4,0,8,0,2,0,4,0,0,0,196,0.45380568504333496,N/A,N/A,LEFT,5,10
32,8,4,0,16,2,4,0,8,2,0,0,4,0,0,2,196,0.4678981304168701,N/A,N/A,LEFT,5,15
32,8,4,0,16,2,4,0,8,2,0,2,4,2,0,0,196,0.3504328727722168,N/A,N/A,LEFT,5,11
32,8,4,0,16,2,4,0,8,4,0,0,4,2,2,0,200,0.4393882751464844,N/A,N/A,LEFT,5,14
32,8,4,0,16,2,4,2,8,4,0,0,4,4,0,0,204,0.39097118377685547,N/A,N/A,LEFT,5,7
32,8,4,0,16,2,4,2,8,4,0,0,8,2,0,0,212,0.20287513732910156,N/A,N/A,UP,5,13
32,8,8,2,16,2,0,0,16,4,2,0,0,2,0,0,236,0.38878607749938965,N/A,N/A,UP,5,10
32,8,8,2,32,2,2,0,2,4,0,0,0,2,0,0,268,0.4284238815307617,N/A,N/A,UP,5,8
64,8,8,2,2,2,2,2,0,4,0,0,0,2,0,0,332,0.4928267002105713,N/A,N/A,UP,5,7
64,8,8,4,2,2,2,0,0,4,0,0,2,2,0,0,336,0.4231538772583008,N/A,N/A,UP,5,12
64,8,8,4,4,2,2,0,0,4,2,0,0,2,0,0,340,0.39163804054260254,N/A,N/A,UP,5,10
64,8,8,4,4,2,4,0,0,4,0,0,0,2,0,2,344,0.3108558654785156,N/A,N/A,UP,5,15
64,8,8,4,4,2,4,2,0,4,0,0,0,2,4,0,344,0.26445794105529785,N/A,N/A,UP,5,14
64,8,8,4,4,2,8,2,0,4,0,0,2,2,0,0,352,0.2635033130645752,N/A,N/A,UP,5,12
64,8,16,4,4,2,0,2,2,4,0,0,0,2,0,2,368,0.3195359706878662,N/A,N/A,RIGHT,5,15
64,8,16,4,0,0,4,4,0,2,2,4,0,0,0,4,376,0.4469621181488037,N/A,N/A,RIGHT,5,9
64,8,16,4,0,0,0,8,0,0,4,4,2,0,0,4,388,0.47048068046569824,N/A,N/A,RIGHT,5,12
64,8,16,4,0,0,0,8,0,2,0,8,0,0,2,4,396,0.3422982692718506,N/A,N/A,RIGHT,5,9
64,8,16,4,2,0,0,8,0,0,2,8,0,0,2,4,396,0.3348860740661621,N/A,N/A,RIGHT,5,4
64,8,16,4,0,0,2,8,0,0,2,8,0,2,2,4,396,0.4093790054321289,N/A,N/A,RIGHT,5,13
64,8,16,4,0,4,2,8,0,0,2,8,0,0,4,4,400,0.2942647933959961,N/A,N/A,RIGHT,5,5
64,8,16,4,0,4,2,8,2,0,2,8,0,0,0,8,408,0.2777118682861328,N/A,N/A,RIGHT,5,8
64,8,16,4,0,4,2,8,2,0,4,8,0,0,0,8,412,0.1884899139404297,N/A,N/A,RIGHT,5,8
64,8,16,4,0,4,2,8,2,2,4,8,0,0,0,8,412,0.1788158416748047,N/A,N/A,RIGHT,5,8
64,8,16,4,0,4,2,8,2,4,4,8,0,0,0,8,416,0.20295405387878418,N/A,N/A,RIGHT,5,8
64,8,16,4,0,4,2,8,0,2,8,8,0,0,2,8,424,0.14870786666870117,N/A,N/A,RIGHT,5,14
64,8,16,4,0,4,2,8,0,0,2,16,0,2,2,8,440,0.14619112014770508,N/A,N/A,RIGHT,5,13
64,8,16,4,2,4,2,8,0,0,2,16,0,0,4,8,444,0.11391496658325195,N/A,N/A,UP,5,4
64,8,16,4,2,4,4,8,0,0,4,16,2,0,0,8,448,0.20909786224365234,N/A,N/A,RIGHT,5,12
64,8,16,4,0,2,8,8,2,0,4,16,0,0,2,8,456,0.14069032669067383,N/A,N/A,RIGHT,5,8
64,8,16,4,0,0,2,16,0,2,4,16,2,0,2,8,472,0.17302894592285156,N/A,N/A,RIGHT,5,12
64,8,16,4,0,0,2,16,2,2,4,16,0,0,4,8,476,0.2201681137084961,N/A,N/A,RIGHT,5,8
64,8,16,4,0,0,2,16,0,4,4,16,0,2,4,8,480,0.19140887260437012,N/A,N/A,RIGHT,5,13
64,8,16,4,0,0,2,16,0,2,8,16,0,2,4,8,488,0.14200305938720703,N/A,N/A,UP,5,9
64,8,16,4,0,4,2,32,0,2,8,8,0,0,4,0,524,0.14819598197937012,N/A,N/A,RIGHT,5,9
64,8,16,4,0,4,2,32,0,0,2,16,0,0,2,4,540,0.1501297950744629,N/A,N/A,UP,5,14
64,8,16,4,0,4,4,32,0,0,2,16,0,2,0,4,544,0.19825983047485352,N/A,N/A,RIGHT,5,13
64,8,16,4,0,0,8,32,0,0,2,16,0,2,2,4,552,0.2174839973449707,N/A,N/A,RIGHT,5,13
64,8,16,4,0,0,8,32,0,0,2,16,0,2,4,4,556,0.20957279205322266,N/A,N/A,RIGHT,5,13
64,8,16,4,0,2,8,32,0,0,2,16,0,0,2,8,564,0.1459519863128662,N/A,N/A,UP,5,5
64,8,16,4,0,2,8,32,0,0,4,16,0,4,0,8,568,0.1617422103881836,N/A,N/A,RIGHT,5,13
64,8,16,4,2,2,8,32,0,0,4,16,0,0,4,8,568,0.1854419708251953,N/A,N/A,RIGHT,5,4
64,8,16,4,2,4,8,32,0,0,4,16,0,0,4,8,572,0.11241912841796875,N/A,N/A,UP,5,4
64,8,16,4,2,4,8,32,2,0,8,16,0,0,0,8,580,0.1905839443206787,N/A,N/A,RIGHT,5,8
64,8,16,4,2,4,8,32,0,2,8,16,2,0,0,8,580,0.13224387168884277,N/A,N/A,RIGHT,5,12
64,8,16,4,2,4,8,32,2,2,8,16,0,0,2,8,580,0.10057902336120605,N/A,N/A,RIGHT,5,8
64,8,16,4,2,4,8,32,2,4,8,16,0,0,2,8,584,0.10894894599914551,N/A,N/A,LEFT,5,8
64,8,16,4,2,4,8,32,2,4,8,16,2,8,2,0,584,0.06560301780700684,N/A,N/A,RIGHT,5,14
64,8,16,4,2,4,8,32,2,4,8,16,2,2,8,2,584,0.05119681358337402,N/A,N/A,RIGHT,5,12
64,8,16,4,2,4,8,32,2,4,8,16,2,4,8,2,588,0.029246091842651367,N/A,N/A,UP,5,12
64,8,16,4,4,8,16,32,2,4,8,16,0,2,0,2,616,0.09263396263122559,N/A,N/A,LEFT,5,13
64,8,16,4,4,8,16,32,2,4,8,16,4,0,0,2,620,0.09497499465942383,N/A,N/A,RIGHT,5,15
64,8,16,4,4,8,16,32,2,4,8,16,2,0,4,2,620,0.07866024971008301,N/A,N/A,RIGHT,5,12
64,8,16,4,4,8,16,32,2,4,8,16,2,2,4,2,620,0.05331087112426758,N/A,N/A,RIGHT,5,12
64,8,16,4,4,8,16,32,2,4,8,16,2,4,4,2,624,0.07227492332458496,N/A,N/A,RIGHT,5,12
64,8,16,4,4,8,16,32,2,4,8,16,2,2,8,2,632,0.08002614974975586,N/A,N/A,RIGHT,5,12
64,8,16,4,4,8,16,32,2,4,8,16,2,4,8,2,636,0.08905315399169922,N/A,N/A,UP,5,12
64,16,32,4,4,8,16,32,4,0,0,16,2,0,0,2,712,0.15183091163635254,N/A,N/A,RIGHT,5,12
64,16,32,4,4,8,16,32,2,0,4,16,0,0,0,4,716,0.09270405769348145,N/A,N/A,RIGHT,5,8
64,16,32,4,4,8,16,32,2,2,4,16,0,0,0,4,716,0.08510112762451172,N/A,N/A,RIGHT,5,8
64,16,32,4,4,8,16,32,0,4,4,16,2,0,0,4,720,0.07341575622558594,N/A,N/A,RIGHT,5,12
64,16,32,4,4,8,16,32,2,0,8,16,0,0,2,4,728,0.04343128204345703,N/A,N/A,RIGHT,5,8
64,16,32,4,4,8,16,32,4,2,8,16,0,0,2,4,728,0.04285097122192383,N/A,N/A,LEFT,5,8
64,16,32,4,4,8,16,32,4,2,8,16,2,4,2,0,728,0.016505718231201172,N/A,N/A,RIGHT,5,14
64,16,32,4,4,8,16,32,4,2,8,16,2,2,4,2,728,0.025567054748535156,N/A,N/A,RIGHT,5,12
64,16,32,4,4,8,16,32,4,2,8,16,2,4,4,2,732,0.013747215270996094,N/A,N/A,RIGHT,5,12
64,16,32,4,4,8,16,32,4,2,8,16,2,2,8,2,740,0.049424171447753906,N/A,N/A,RIGHT,5,12
64,16,32,4,4,8,16,32,4,2,8,16,2,4,8,2,744,0.02550506591796875,N/A,N/A,UP,5,12
64,16,32,4,8,8,16,32,2,2,16,16,0,4,2,2,768,0.13499999046325684,N/A,N/A,RIGHT,5,14
64,16,32,4,0,16,16,32,0,0,4,32,2,0,4,4,824,0.2609379291534424,N/A,N/A,RIGHT,5,12
64,16,32,4,4,0,32,32,0,0,4,32,0,0,2,8,864,0.25333404541015625,N/A,N/A,RIGHT,5,4
64,16,32,4,0,0,4,64,0,0,4,32,4,0,2,8,928,0.17535924911499023,N/A,N/A,RIGHT,5,12
64,16,32,4,2,0,4,64,0,0,4,32,0,4,2,8,928,0.11238384246826172,N/A,N/A,RIGHT,5,4
64,16,32,4,0,2,4,64,0,0,4,32,2,4,2,8,928,0.0644989013671875,N/A,N/A,UP,5,12
64,16,32,4,2,2,8,64,0,4,2,32,0,0,4,8,936,0.0647590160369873,N/A,N/A,RIGHT,5,14
64,16,32,4,0,4,8,64,0,4,2,32,2,0,4,8,940,0.08280110359191895,N/A,N/A,RIGHT,5,12
64,16,32,4,0,4,8,64,2,4,2,32,0,2,4,8,940,0.043021202087402344,N/A,N/A,UP,5,8
64,16,32,4,2,8,8,64,0,2,2,32,0,2,4,8,948,0.08421516418457031,N/A,N/A,RIGHT,5,13
64,16,32,4,0,2,16,64,2,0,4,32,0,2,4,8,968,0.11589598655700684,N/A,N/A,RIGHT,5,8
64,16,32,4,2,2,16,64,0,2,4,32,0,2,4,8,968,0.08618998527526855,N/A,N/A,RIGHT,5,4
64,16,32,4,2,4,16,64,0,2,4,32,0,2,4,8,972,0.06557798385620117,N/A,N/A,UP,5,4
64,16,32,4,2,4,16,64,0,4,8,32,2,0,0,8,984,0.1012871265411377,N/A,N/A,RIGHT,5,12
64,16,32,4,2,4,16,64,2,4,8,32,0,0,2,8,984,0.047885894775390625,N/A,N/A,LEFT,5,8
64,16,32,4,2,4,16,64,2,4,8,32,2,8,2,0,984,0.04451179504394531,N/A,N/A,RIGHT,5,14
64,16,32,4,2,4,16,64,2,4,8,32,2,2,8,2,984,0.04191422462463379,N/A,N/A,RIGHT,5,12
64,16,32,4,2,4,16,64,2,4,8,32,2,4,8,2,988,0.035460710525512695,N/A,N/A,UP,5,12
64,16,32,4,4,8,16,64,2,4,16,32,2,0,0,2,1016,0.10694193840026855,N/A,N/A,RIGHT,5,12
64,16,32,4,4,8,16,64,2,4,16,32,0,2,0,4,1020,0.06295490264892578,N/A,N/A,LEFT,5,13
64,16,32,4,4,8,16,64,2,4,16,32,2,4,2,0,1020,0.062129974365234375,N/A,N/A,RIGHT,5,14
64,16,32,4,4,8,16,64,2,4,16,32,2,2,4,2,1020,0.03982090950012207,N/A,N/A,RIGHT,5,12
64,16,32,4,4,8,16,64,2,4,16,32,2,4,4,2,1024,0.05193805694580078,N/A,N/A,RIGHT,5,12
64,16,32,4,4,8,16,64,2,4,16,32,2,2,8,2,1032,0.03448605537414551,N/A,N/A,RIGHT,5,12
64,16,32,4,4,8,16,64,2,4,16,32,4,4,8,2,1036,0.03080916404724121,N/A,N/A,RIGHT,5,12
64,16,32,4,4,8,16,64,2,4,16,32,2,8,8,2,1044,0.030905961990356445,N/A,N/A,RIGHT,5,12
64,16,32,4,4,8,16,64,2,4,16,32,2,2,16,2,1060,0.026269912719726562,N/A,N/A,RIGHT,5,12
64,16,32,4,4,8,16,64,2,4,16,32,2,4,16,2,1064,0.03758597373962402,N/A,N/A,UP,5,12
64,16,32,4,4,8,32,64,4,8,16,32,0,0,2,2,1108,0.14162302017211914,N/A,N/A,LEFT,5,14
64,16,32,4,4,8,32,64,4,8,16,32,4,0,2,0,1112,0.1092991828918457,N/A,N/A,RIGHT,5,14
64,16,32,4,4,8,32,64,4,8,16,32,2,0,4,2,1112,0.07168793678283691,N/A,N/A,RIGHT,5,12
64,16,32,4,4,8,32,64,4,8,16,32,2,2,4,2,1112,0.05352020263671875,N/A,N/A,RIGHT,5,12
64,16,32,4,4,8,32,64,4,8,16,32,2,4,4,2,1116,0.04957294464111328,N/A,N/A,RIGHT,5,12
64,16,32,4,4,8,32,64,4,8,16,32,2,2,8,2,1124,0.05805087089538574,N/A,N/A,RIGHT,5,12
64,16,32,4,4,8,32,64,4,8,16,32,2,4,8,2,1128,0.04251503944396973,N/A,N/A,UP,5,12
64,16,64,4,8,16,16,64,2,4,8,32,0,2,0,2,1216,0.07999467849731445,N/A,N/A,RIGHT,5,13
64,16,64,4,0,8,32,64,2,4,8,32,0,2,0,4,1252,0.0685877799987793,N/A,N/A,RIGHT,5,13
64,16,64,4,0,8,32,64,2,4,8,32,2,0,2,4,1252,0.0658102035522461,N/A,N/A,RIGHT,5,12
64,16,64,4,2,8,32,64,2,4,8,32,0,0,4,4,1256,0.06539511680603027,N/A,N/A,LEFT,5,4
64,16,64,4,2,8,32,64,2,4,8,32,8,0,0,2,1264,0.05434107780456543,N/A,N/A,RIGHT,5,15
64,16,64,4,2,8,32,64,2,4,8,32,0,2,8,2,1264,0.03493618965148926,N/A,N/A,LEFT,5,13
64,16,64,4,2,8,32,64,2,4,8,32,2,8,2,2,1264,0.012504100799560547,N/A,N/A,RIGHT,5,15
64,16,64,4,2,8,32,64,2,4,8,32,2,2,8,4,1268,0.021522998809814453,N/A,N/A,RIGHT,5,12
64,16,64,4,2,8,32,64,2,4,8,32,2,4,8,4,1272,0.0389246940612793,N/A,N/A,UP,5,12
64,16,64,4,4,8,32,64,2,8,16,32,0,2,0,4,1300,0.059908151626586914,N/A,N/A,LEFT,5,13
64,16,64,4,4,8,32,64,2,8,16,32,2,4,0,2,1300,0.059246063232421875,N/A,N/A,RIGHT,5,15
64,16,64,4,4,8,32,64,2,8,16,32,2,2,4,2,1300,0.02704310417175293,N/A,N/A,RIGHT,5,12
64,16,64,4,4,8,32,64,2,8,16,32,2,4,4,2,1304,0.036276817321777344,N/A,N/A,RIGHT,5,12
64,16,64,4,4,8,32,64,2,8,16,32,4,2,8,2,1312,0.007879018783569336,N/A,N/A,UP,5,12
64,16,64,4,4,16,32,64,2,2,16,32,4,2,8,2,1328,0.02902388572692871,N/A,N/A,RIGHT,5,13
64,16,64,4,4,16,32,64,2,4,16,32,4,2,8,2,1332,0.00555109977722168,N/A,N/A,UP,5,8
64,32,64,4,4,4,32,64,2,2,16,32,4,2,8,2,1364,0.025137901306152344,N/A,N/A,RIGHT,5,13
64,32,64,4,0,8,32,64,2,4,16,32,4,2,8,2,1376,0.006557941436767578,N/A,N/A,UP,5,8
64,32,64,4,2,8,32,64,4,4,16,32,4,2,8,2,1376,0.006583213806152344,N/A,N/A,RIGHT,5,12
64,32,64,4,2,8,32,64,2,8,16,32,4,2,8,2,1384,0.020550012588500977,N/A,N/A,UP,5,8
64,32,64,4,4,16,32,64,4,2,16,32,2,0,8,2,1404,0.027293920516967773,N/A,N/A,RIGHT,5,12
64,32,64,4,4,16,32,64,4,2,16,32,2,2,8,2,1404,0.018857240676879883,N/A,N/A,RIGHT,5,12
64,32,64,4,4,16,32,64,4,2,16,32,2,4,8,2,1408,0.004045248031616211,N/A,N/A,UP,5,12
64,32,64,4,8,16,32,64,2,2,16,32,2,4,8,2,1416,0.011437177658081055,N/A,N/A,RIGHT,5,12
64,32,64,4,8,16,32,64,2,4,16,32,2,4,8,2,1420,0.018597841262817383,N/A,N/A,UP,5,8
64,32,64,4,8,16,32,64,4,8,16,32,2,0,8,2,1432,0.013000011444091797,N/A,N/A,RIGHT,5,12
64,32,64,4,8,16,32,64,4,8,16,32,2,2,8,2,1432,0.005352973937988281,N/A,N/A,RIGHT,5,12
64,32,64,4,8,16,32,64,4,8,16,32,2,4,8,2,1436,0.005352973937988281,N/A,N/A,N/A,5,12
